case_id,source_date,source_title,source_url,incident_title,service_or_system,first_minute_evidence,observed_symptoms,recent_change,wrong_first_branch,correct_first_branch,loss_created_by_wrong_branch,root_cause,failure_mode,fingerprint,evidence_confidence,review_notes
GH-2026-01-15-DATASTORE-UPGRADE,2026-01-15,GitHub availability report: January 2026,https://github.blog/news-insights/company-news/github-availability-report-january-2026/,GitHub broad latency after datastore major-version upgrade,GitHub web/API and dependent services,"Issues, pull requests, notifications, Actions, repositories, API and login showed elevated latency and timeouts; unauthenticated traffic was hit hardest.",Broad slow queries and timeouts appeared across otherwise distinct services sharing upgraded data stores.,Infrastructure for some data stores was upgraded to a new major version.,,Check shared data-store saturation and resource contention introduced by the infrastructure upgrade; compare affected services by common datastore dependency and roll back the upgrade.,Source does not quantify diagnostic delay; service impact continued until rollback.,Unexpected resource contention after a major-version datastore infrastructure upgrade caused slow queries and distributed timeouts.,context_blindness,latency|timeouts|issues|pull|requests|notifications|actions|repositories|login|datastore|upgrade|contention,high,Correct branch is a curator inference from the source's shared-datastore diagnosis and rollback mitigation.
GH-2026-02-02-DEPENDABOT-COMPUTE-POLICY,2026-02-02,GitHub availability report: February 2026,https://github.blog/news-insights/company-news/github-availability-report-february-2026/,Dependabot degraded after compute security policy blocked VM metadata,Dependabot and hosted compute lifecycle,"Dependabot failed to create a portion of automated pull requests while VM create, delete and reimage operations failed in the underlying compute environment.",Automation backlog and failed VM lifecycle operations followed a telemetry loss and policy rollout.,Security policies were applied to backend storage accounts after telemetry was lost.,,"Inspect the compute-provider control plane and recent security-policy changes affecting VM metadata access, rather than treating Dependabot itself as the primary failure domain.",The incident persisted until the policy changes were rolled back and compute capacity recovered.,"A loss of telemetry cascaded into security policies that blocked access to critical VM metadata, breaking VM lifecycle operations.",context_blindness,dependabot|pull|requests|virtual|machine|create|reimage|metadata|storage|policy|telemetry|compute,high,The source identifies the dependency failure; the first-branch wording is curated.
GH-2026-02-09-CACHE-REWRITE-STORM,2026-02-09,GitHub availability report: February 2026,https://github.blog/news-insights/company-news/github-availability-report-february-2026/,GitHub-wide degradation from user-settings cache rewrite storm,"User-settings cache, background work and HTTPS Git proxy","github.com, API, Actions, HTTPS Git operations and Copilot failed together while SSH Git operations remained healthy.",A broad multi-service outage spared SSH but affected HTTPS and services dependent on shared background infrastructure.,A configuration change altered the user-settings caching mechanism.,,"Use the protocol asymmetry and shared service impact to inspect the user-settings cache rewrite path, background-work coordinator and HTTPS proxy connection exhaustion.",Two related degradation periods produced roughly 2 hours 43 minutes of customer impact.,A cache configuration change triggered simultaneous rewrites that overwhelmed shared background infrastructure and exhausted connections in the HTTPS Git proxy.,context_blindness,github|errors|https|ssh|healthy|actions|copilot|cache|rewrites|background|connections|exhaustion,high,Protocol asymmetry is a strong early discriminator.
GH-2026-02-12-CODESPACES-AUTH-CLAIM,2026-02-12,GitHub availability report: February 2026,https://github.blog/news-insights/company-news/github-availability-report-february-2026/,Regional Codespaces provisioning failures after authorization-claim change,Codespaces networking and pool provisioning,"Codespace create and resume failures spread progressively across Europe, Asia and Australia while US regions remained healthy.",Regional provisioning failure rates peaked near 90%; alerts fired but at insufficient severity.,An authorization claim changed in a core networking dependency.,,Inspect regionally rolled-out networking authorization claims and pool-provisioning dependencies; compare unaffected US regions against impacted regions.,Low-severity alerting delayed incident detection and response.,An authorization-claim change in a core networking dependency caused Codespaces pool-provisioning failures.,context_blindness,codespaces|create|resume|regional|europe|asia|australia|provisioning|authorization|claim|networking|pool,high,Regional contrast is the intended first diagnostic discriminator.
GH-2026-02-12-LFS-HEALTHCHECK-CONFIG,2026-02-12,GitHub availability report: February 2026,https://github.blog/news-insights/company-news/github-availability-report-february-2026/,Git LFS archive downloads failed after network misconfiguration,Git LFS archive service,Repository zip and tar downloads failed only when archives included Git LFS objects; standard archives were unaffected.,A narrow archive-download failure correlated exactly with the LFS execution path.,An incorrect network configuration was deployed in the LFS service.,,"Branch immediately into the LFS-specific service path and its health-check/network configuration, not the generic repository archive pipeline.",Customer impact continued until the network setting was manually corrected.,An incorrect LFS network configuration made health checks fail and caused an internal service to be marked unreachable.,false_pattern_match,archive|download|zip|tar|large|files|objects|standard|unaffected|health|checks|network,high,The LFS/non-LFS split makes this a high-quality branch-selection case.
GH-2026-03-03-RECURRING-CACHE-WRITES,2026-03-03,GitHub availability report: March 2026,https://github.blog/news-insights/company-news/github-availability-report-march-2026/,GitHub degradation repeated after high-volume user-settings cache writes,GitHub shared caching and dependent services,github.com and API failure rates rose sharply; HTTP Git and Copilot degraded while SSH was comparatively unaffected.,The incident pattern resembled an earlier February outage involving user-settings caching.,A large volume of writes reached the user-settings caching mechanism.,Treating the event as an unrelated new multi-service outage instead of checking the known February cache-write failure mode.,Compare the signature against the February cache-rewrite incident and inspect user-settings write volume and shared cache infrastructure first.,The source identifies recurrence; exact diagnostic time lost is not disclosed.,High-volume writes to the user-settings caching mechanism recreated the same underlying failure class as an earlier incident.,context_blindness,github|api|failures|http|ssh|copilot|settings|cache|writes|repeat|previous|incident,high,"Wrong branch is an operational counterfactual based on explicit recurrence, not a disclosed responder action."
GH-2026-03-05-REDIS-LB-MISROUTE,2026-03-05,GitHub availability report: March 2026,https://github.blog/news-insights/company-news/github-availability-report-march-2026/,GitHub Actions queue degradation from Redis load-balancer misrouting,GitHub Actions background queue and Redis load balancer,"Most Actions workflows failed to start within five minutes, queue delays reached roughly 30 minutes, and some jobs returned infrastructure errors.",Job submission continued but processing stalled and backlog accumulated.,Redis resiliency infrastructure updates introduced incorrect load-balancer configuration.,,Inspect the Actions queue's Redis routing and recent load-balancer changes before debugging individual runners or workflow definitions.,The queue required additional recovery time after the misconfiguration was corrected.,Incorrect Redis load-balancer configuration routed internal traffic to the wrong host.,false_pattern_match,actions|workflow|start|delay|queue|infrastructure|errors|redis|load|balancer|routing|host,high,Queue-wide delay distinguishes control-plane routing from per-runner failures.
GH-2026-03-24-TEAMS-UPSTREAM,2026-03-24,GitHub availability report: March 2026,https://github.blog/news-insights/company-news/github-availability-report-march-2026/,GitHub-to-Teams notifications failed during upstream dependency outage,Microsoft Teams integration,GitHub event notifications to Teams failed with HTTP 500s and connection resets while unrelated GitHub services remained available.,Integration-specific failures affected delivery across many installations.,,,Check the Teams integration's upstream dependency health and connection-reset pattern before modifying GitHub event production or customer installation state.,Notifications were unavailable until the upstream incident was mitigated.,An upstream dependency outage caused HTTP 500 errors and connection resets for the Teams integration.,context_blindness,teams|integration|notifications|delivery|http|errors|connection|resets|upstream|dependency|installations,high,Useful dependency-boundary case.
GH-2026-04-01-AUDIT-CREDENTIAL-ROTATION,2026-04-01,GitHub availability report: April 2026,https://github.blog/news-insights/company-news/github-availability-report-april-2026/,Audit-log datastore connectivity lost after credential rotation,GitHub audit log service,Audit-log history was unavailable through API and web UI; events were delayed but ultimately not lost.,The service could not reach its backing datastore immediately after a scheduled credential operation.,A credential rotation failed.,,Inspect secret-rotation state and datastore authentication before investigating event loss or application query logic.,Detection began six minutes after onset; event delivery was delayed up to 29 minutes.,A failed credential rotation caused the audit-log service to lose connectivity to its backing datastore.,anchoring,audit|logs|history|unavailable|events|delayed|datastore|connectivity|credential|rotation|authentication,high,Distinguishes access failure from data-loss failure.
GH-2026-04-09-CODING-AGENT-GLOBAL-RATE-LIMIT,2026-04-09,GitHub availability report: April 2026,https://github.blog/news-insights/company-news/github-availability-report-april-2026/,Copilot coding-agent sessions stalled under globally scoped rate limit,Copilot coding agent workflow creation,New agent sessions queued for tens of minutes and failed in repeated waves after API request volume increased several-fold.,"A single installation's traffic could exhaust capacity for all users, and rate-limited state persisted beyond the true window.",A client update increased traffic to an internal endpoint by 3–4x.,,"Inspect rate-limit scope, shared credentials and cached rate-limit state before scaling workers or debugging agent execution itself.","About 22,700 workflow creations were delayed or failed during the incident.","Rate limiting was incorrectly global rather than per installation, compounded by traffic growth and a cache bug that prolonged the limited state.",context_blindness,copilot|agent|sessions|queue|delay|rate|limit|global|installation|traffic|cache|credentials,high,Strong shared-quota diagnosis case.
GH-2026-04-13-PAGES-DNS-CASCADE,2026-04-13,GitHub availability report: April 2026,https://github.blog/news-insights/company-news/github-availability-report-april-2026/,GitHub Pages failures from shared DNS resolver cascade,GitHub Pages and internal DNS,"Pages returned large volumes of HTTP 500s while services needing internal APIs, providers and storage failed together; cached lookups remained partly healthy.","Cross-service failures correlated with name resolution, with partial protection where DNS entries were already cached.",A new traffic-balancing mechanism had been progressively rolled out.,,Check internal DNS resolver health and the recently introduced traffic-balancing layer; use cache-hit versus cache-miss behavior to confirm.,An initial configuration rollback did not resolve the issue; resolver restart restored service.,A traffic-balancing mechanism failed under a specific load pattern and caused DNS resolvers to fail.,anchoring,pages|http|errors|dns|resolver|cached|lookups|internal|apis|storage|traffic|balancing,high,Rollback failure is a warning against anchoring on only the latest app configuration.
GH-2026-04-27-SEARCH-LB-SATURATION,2026-04-27,GitHub availability report: April 2026,https://github.blog/news-insights/company-news/github-availability-report-april-2026/,GitHub search degraded when fronting load balancers saturated,GitHub search infrastructure,"Issues, pull requests, projects, repositories, Actions, package registry and Dependabot searches timed out or errored together.",Different product surfaces failed only where they depended on shared search connectivity.,,,"Map the failures to the common search dependency and inspect saturation in the load-balancing tier in front of search, not each consuming product.",Some search targets saw failure rates up to 65% during the peak window.,"The load-balancing tier in front of search infrastructure saturated, degrading connectivity.",context_blindness,search|timeouts|issues|pull|requests|projects|repositories|actions|packages|dependabot|load|balancer|saturation,high,Shared-dependency mapping is the key first branch.
GH-2026-05-04-SCHEMA-MIGRATION-CONNECTIONS,2026-05-04,GitHub availability report: May 2026,https://github.blog/news-insights/company-news/github-availability-report-may-2026/,GitHub disruption from online schema migration saturating DB connections,Shared GitHub database,"Pull requests were most affected, while Issues, Actions, webhooks, Git operations and many dependent services showed latency and intermittent errors near traffic peak.",A broad service set degraded as normal traffic increased while a long-running migration continued.,A routine online schema migration was running against a large heavily accessed table.,,Inspect database connection capacity and long-running migration load; pause or throttle the migration before treating each affected product separately.,Customer impact lasted about an hour; the source does not disclose first-diagnosis delay.,Combined load from the schema migration and peak production traffic saturated database connection capacity.,context_blindness,pull|requests|latency|errors|issues|actions|webhooks|database|connections|schema|migration|traffic,high,High-value change-plus-peak-load case.
GH-2026-06-04-COPILOT-DEPENDENCY-INCOMPATIBILITY,2026-06-04,GitHub availability report: June 2026,https://github.blog/news-insights/company-news/github-availability-report-june-2026/,Copilot code review failed after dependency release incompatibility,Copilot code review processing,Most requested code reviews returned a generic processing error while other GitHub functions remained available.,Failure began after a dependency release used by the review-processing workflow.,A newly released dependency entered the processing path.,,"Check upstream dependency health and runtime compatibility before tuning Copilot prompts, repository permissions or review-request payloads.","Approximately 36,800 review requests failed.",A newly released dependency was incompatible with the runtime environment.,false_pattern_match,copilot|code|review|error|requests|dependency|release|runtime|incompatible|processing|workflow,high,Separates model/application hypotheses from dependency runtime failure.
GH-2026-06-17-COPILOT-MODEL-CONFIG,2026-06-17,GitHub availability report: June 2026,https://github.blog/news-insights/company-news/github-availability-report-june-2026/,Copilot frontier models disappeared after invalid configuration change,Copilot model availability configuration,"Multiple frontier models disappeared from model pickers or returned model-not-available errors across web, editor and CLI; other models remained usable.",The same model subset failed consistently across clients.,A production configuration change was applied and judged invalid by the system.,,Inspect shared model-availability configuration and revert the recent change rather than debugging each client or inference request path.,Affected models were unavailable for roughly 54 minutes.,An invalid production configuration change removed the affected models until the configuration was reverted.,context_blindness,copilot|models|missing|unavailable|picker|editor|command|line|configuration|revert,high,Cross-client consistency identifies the shared configuration layer.
GH-2026-06-25-BACKGROUND-CONNECTION-STORM,2026-06-25,GitHub availability report: June 2026,https://github.blog/news-insights/company-news/github-availability-report-june-2026/,Background jobs delayed by hypervisor fault and connection storm,GitHub background job service,"Pull requests, pushes, Actions and webhooks accumulated delays up to several minutes while a background-job node timed out and repeatedly rebalanced.",An unhealthy node plus incoming traffic produced connection churn and continual rebalance behavior.,,,"Inspect unhealthy queue nodes, connection churn and rebalance loops; remove the affected node before scaling every dependent service.",Delays peaked around seven minutes until the impacted node was replaced.,"Underlying hypervisor issues and a traffic spike caused timeouts, a connection storm and continual rebalances.",context_blindness,background|jobs|delays|pull|requests|pushes|actions|webhooks|timeouts|connections|rebalance|hypervisor,high,Node removal is the source mitigation; first-branch phrasing is curated.
CF-2026-02-20-BYOIP-WITHDRAWAL,2026-02-20,"Cloudflare outage on February 20, 2026",https://blog.cloudflare.com/cloudflare-outage-february-20-2026/,Cloudflare BYOIP customer prefixes unintentionally withdrawn,Cloudflare BYOIP/BGP routing,Only customers using Bring Your Own IP saw widespread timeouts and failed Internet connections; routes for their prefixes disappeared.,"Applications were unreachable despite no evidence of attack, and impact was scoped to BYOIP prefixes.",Cloudflare changed how the network managed IP addresses onboarded through the BYOIP pipeline.,,Inspect BGP announcements and recent BYOIP onboarding-management changes before investigating customer origins or application health.,Affected customer services were unreachable until prefixes were restored.,A network-management change unintentionally withdrew customer BYOIP prefixes via BGP.,anchoring,byoip|routes|withdrawn|bgp|timeouts|connect|unreachable|prefixes|internet|network|change,high,Attack is explicitly excluded by the source.
CF-2025-07-14-RESOLVER-ROUTE-WITHDRAWAL,2025-07-14,"Cloudflare 1.1.1.1 incident on July 14, 2025",https://blog.cloudflare.com/cloudflare-1-1-1-1-incident-on-july-14-2025/,1.1.1.1 global resolver outage after prefixes were withdrawn,Cloudflare public DNS resolver and anycast routing,"UDP, TCP and DNS-over-TLS queries to 1.1.1.1 dropped globally while DNS-over-HTTPS using a different hostname/address path remained comparatively stable.",Resolver addresses became unreachable and their BGP advertisements were withdrawn worldwide.,A service-topology refresh activated a dormant legacy configuration error.,Treating a visible BGP-origin anomaly as the cause rather than checking Cloudflare's own route withdrawals.,Inspect anycast prefix advertisements and the latest service-topology refresh; compare affected resolver IP paths against unaffected DoH paths.,Resolver service was unavailable globally for 62 minutes.,"A legacy service-topology misconfiguration linked 1.1.1.1 prefixes to a non-production service, causing global route withdrawals during a later refresh.",anchoring,resolver|queries|dropped|global|udp|tcp|tls|https|stable|bgp|prefixes|withdrawn|anycast,high,The source explicitly identifies an unrelated visible hijack that was not causal.
CF-2023-11-02-CONTROL-PLANE-DATACENTER,2023-11-02,Post mortem on the Cloudflare Control Plane and Analytics Outage,https://blog.cloudflare.com/post-mortem-on-cloudflare-control-plane-and-analytics-outage/,Cloudflare control plane failed after complete data-center power loss exposed hidden dependencies,"Cloudflare control plane, analytics, Kafka and ClickHouse","Customer configuration APIs, dashboard and analytics failed while the traffic-serving data plane largely continued operating.",Routers and systems in one facility went offline; supposedly highly available services failed because they depended on Kafka and ClickHouse hosted only there.,,,Treat data-plane health plus control-plane failure as a dependency-location problem; inspect facility reachability and non-redundant Kafka/ClickHouse dependencies.,Control-plane and analytics recovery extended across more than a day for some services.,A catastrophic data-center power failure combined with hidden single-facility dependencies and incomplete full-facility failover testing.,context_blindness,dashboard|api|analytics|logs|control|plane|traffic|working|data|center|power|kafka|clickhouse|dependency,high,Vendor electrical root details remained partly uncertain; software dependency facts are explicit.
CF-2022-10-25-TIERED-CACHE-HEADERS,2022-10-25,"Partial Cloudflare outage on October 25, 2022",https://blog.cloudflare.com/partial-cloudflare-outage-on-october-25-2022/,Tiered Cache requests returned 530 after tracing code cleared routing headers,Cloudflare CDN Tiered Cache,"HTTP 530 errors affected Tiered Cache, Images and Bandwidth Alliance requests, while content served from local cache remained healthy.",Failures spread with rollout and appeared DNS-related because origin hostname context was missing.,Distributed tracing was added to Tiered Cache logic.,Investigating an internal DNS release that was occurring at the same time.,Correlate 530s with Tiered Cache upper-tier traversal and the tracing rollout; inspect whether control headers and origin hostname context survive the hop.,Teams made several investigative attempts before confirming the faulty CDN release; peak impact reached about 5% of HTTP requests.,"Tracing integration cleared control headers needed by upper-tier requests, leaving internal DNS without the origin hostname and producing 530 errors.",anchoring,http|errors|tiered|cache|images|local|cache|healthy|dns|hostname|headers|tracing|rollout,high,Source explicitly documents the misleading concurrent DNS release.
CF-2022-06-21-NETWORK-CONFIG,2022-06-21,"Cloudflare outage on June 21, 2022",https://blog.cloudflare.com/cloudflare-outage-on-june-21-2022/,Cloudflare traffic outage across busiest locations after network configuration change,Cloudflare backbone and data-center network configuration,Traffic failed in 19 high-volume data centers while other locations continued operating normally.,Impact started immediately after a resilience-project configuration change in the busiest sites.,A network configuration change was deployed to 19 data centers.,,Inspect and revert the shared network configuration deployed to the exact impacted data-center cohort before treating the event as a global application failure.,The first center recovered about 31 minutes after onset and full recovery took roughly 75 minutes.,A network configuration change made during a resilience project caused traffic loss in 19 data centers.,context_blindness,traffic|outage|data|centers|locations|network|configuration|change|busiest|regions|unaffected,high,Cohort correlation is the primary early signal.
CF-2020-04-15-PATCH-PANEL,2020-04-15,"Cloudflare Dashboard and API Outage on April 15, 2020",https://blog.cloudflare.com/cloudflare-dashboard-and-api-outage-on-april-15-2020/,Cloudflare dashboard/API outage after critical patch-panel cables were removed,Cloudflare external control-plane connectivity,Dashboard and API connectivity failed after technicians retired hardware; diverse providers and facilities still shared one physical patch panel.,External connectivity disappeared and recovery was slowed by poor cable labeling and documentation.,Technicians removed cables while retiring hardware.,,"Inspect the physical connectivity path and recent data-center work, especially shared patch panels and removed cables, before debugging application services.",Time was lost identifying which critical cables had to be restored.,"Critical external-connectivity cables were removed from a shared patch panel, exposing a physical single point of failure.",context_blindness,dashboard|api|connectivity|data|center|hardware|cables|patch|panel|physical|network|removed,high,Useful sociotechnical/physical-layer case.
CF-2019-07-02-REGEX-CPU,2019-07-02,Cloudflare outage caused by bad software deploy,https://blog.cloudflare.com/cloudflare-outage/,Global Cloudflare 502 outage from bad rule causing CPU saturation,Cloudflare edge HTTP processing/WAF,Cloudflare-proxied domains returned 502s globally at the same time edge CPU utilization spiked across the network.,The outage began immediately after a software deployment and ended after rollback.,A bad software/rule deployment reached the global network.,Treating the event as an external attack because of its global scale.,Correlate the CPU spike with the latest globally distributed rule/software deployment and roll it back immediately.,The global outage lasted roughly 30 minutes.,A bad software deployment caused massive CPU utilization across the edge network.,anchoring,global|http|errors|bad|gateway|cpu|spike|edge|software|deploy|rule|rollback|attack,high,Source explicitly states the event was not an attack.
CF-2013-03-03-ROUTER-RULE,2013-03-03,Today's Outage Post Mortem,https://blog.cloudflare.com/todays-outage-post-mortem-82515/,Cloudflare disappeared from Internet after bad rule crashed edge routers,Cloudflare edge routers and routing,"DNS queries failed, pings and traceroutes returned no route to host, and edge routers across data centers crashed.",Packets could not find routes to the entire network; accessible routers crashed when processing the same rule.,A bad network rule was present on edge routers.,,Treat no-route symptoms as a routing-control-plane failure; inspect the common router rule and remove it before debugging DNS or proxy applications.,Physical reboots across globally distributed data centers extended restoration.,A bad rule triggered system-wide edge-router crashes and route withdrawals.,false_pattern_match,dns|error|ping|traceroute|route|host|routers|crash|network|unreachable|rule,high,Clear distinction between DNS symptom and routing cause.
CF-2012-09-16-RATE-LIMIT,2012-09-16,Post Mortem: What Yesterday's Network Outage Looked Like,https://blog.cloudflare.com/post-mortem-what-todays-network-outage-looked/,Cloudflare outage after DDoS mitigation rate limit was misapplied,Cloudflare network traffic management,European network instability coincided with an upstream provider problem and active mitigation of a large DDoS.,Connectivity interruption followed a rate-limit action during an already degraded upstream-network condition.,Operations applied a network rate limit to mitigate a DDoS.,Attributing the entire outage to the upstream provider or to the DDoS alone.,Audit the just-applied mitigation rule and its scope while separately validating upstream reachability.,The combined failure made customer sites unreachable; exact diagnostic delay is not disclosed.,An upstream network problem combined with a misapplied network rate limit during DDoS mitigation.,anchoring,europe|network|outage|upstream|provider|ddos|rate|limit|mitigation|connectivity,high,Multi-causal case; source explicitly identifies both factors.
CF-2012-05-02-BGP-POLICY,2012-05-02,Today's Outage Post Mortem,https://blog.cloudflare.com/todays-outage-post-mortem/,Cloudflare network outage from routing-policy failure,Cloudflare BGP routing,Approximately three quarters of Cloudflare traffic was disrupted across regions for up to about 15 minutes.,Large-scale reachability failure pointed to route announcements rather than application-level health.,,,Inspect BGP route announcements and shared router policy before application services or origin infrastructure.,A major portion of network traffic was unavailable during the incident.,A routing configuration/policy problem disrupted Cloudflare route availability across much of the network.,false_pattern_match,traffic|outage|regions|network|routes|routing|bgp|unreachable|application|healthy,medium,Public snippet provides less root-cause detail than newer cases; retain with medium confidence and re-review before production use.
